<?xml version="1.0" encoding="UTF-8"?>
<!DOCTYPE mapper PUBLIC "-//mybatis.org//DTD Mapper 3.0//EN" "http://mybatis.org/dtd/mybatis-3-mapper.dtd">
<mapper namespace="com.example.imple.board.mapper.BoardMapper">
<resultMap id="boardResultMap" type="com.example.imple.board.model.Board">
    <id property="id" column="id"/>
    <result property="title" column="title"/>
    <result property="content" column="content"/>
    <result property="day" column="day"/>
    <result property="writer" column="writer" jdbcType="VARCHAR" />
</resultMap>

<insert id="insertBoard">
    <selectKey keyProperty="id" resultType="java.lang.Long" order="BEFORE">
        select board_seq.nextval from dual
    </selectKey>
    insert into board (title, content, day, writer)
    values (
        #{b.id},
        #{b.title},
        #{b.content},
        #{b.day, jdbcType=DATE},
        #{b.writer}
    )
</insert>

</mapper>